LEVEL,40,22
M,M,M,M,M,M,M,M,M,M,M,M,M,M,M,M,M,M,M,M,M,M,M,M,M,M,M,M,M,M,M,M,M,M,M,M,M,M,M,M,
M,P,B,B,B,B,B,R,B,B,B,B,B,B,B,B,B,B,B,B,B,B,B,B,B,B,B,B,R,B,B,B,B,B,B,B,B,R,B,M,
M,B,B,B,B,B,R,B,B,B,B,B,B,B,B,B,B,B,B,B,B,R,B,B,B,B,B,B,R,B,B,B,B,B,B,B,B,B,B,M,
M,B,B,B,B,B,B,B,B,R,B,B,R,B,V,V,V,V,B,B,B,B,B,B,B,B,B,B,B,B,B,B,B,B,B,B,B,B,B,M,
M,R,B,B,B,B,B,B,B,B,B,B,B,B,V,V,A,V,B,B,B,B,B,B,B,R,B,B,B,B,B,B,B,B,B,B,B,B,B,M,
M,B,B,B,B,B,B,B,B,B,B,B,B,B,V,V,V,V,B,B,R,B,B,B,B,B,B,B,B,B,B,B,B,B,B,B,B,B,B,M,
M,B,R,B,B,B,B,B,B,B,B,B,B,B,B,B,B,B,B,B,B,B,B,B,R,B,B,B,B,B,B,B,B,B,R,B,B,B,B,M,
M,B,B,R,B,B,B,B,B,R,B,B,B,B,B,B,B,B,B,B,B,R,B,B,R,B,B,B,B,B,B,B,B,V,B,B,B,B,R,M,
M,B,B,B,B,B,B,R,B,B,B,B,B,B,R,B,B,B,B,B,B,B,B,B,B,B,B,B,B,B,B,B,V,V,V,B,R,B,B,M,
M,B,B,B,B,B,B,B,B,E,V,B,B,B,R,B,B,B,R,B,B,B,B,B,B,R,D,B,B,B,B,B,B,E,V,B,B,B,B,M,
M,B,B,B,B,B,B,B,B,V,V,B,B,B,R,B,B,R,B,B,B,B,B,B,B,X,X,X,B,B,B,B,B,V,V,B,R,B,B,M,
M,B,B,B,B,B,B,B,B,B,B,B,B,B,B,B,B,B,B,B,B,B,B,B,B,B,B,B,B,B,B,B,B,B,B,B,B,B,B,M,
M,B,B,B,R,B,B,B,B,B,B,B,B,B,B,B,B,B,B,B,B,B,B,B,B,B,B,B,B,B,B,B,B,B,B,R,B,B,B,M,
M,B,B,B,R,B,B,B,B,B,R,B,B,B,B,B,B,B,B,B,B,B,B,B,B,B,B,B,B,B,B,B,B,B,B,B,B,B,B,M,
M,B,B,B,B,B,B,R,B,B,B,B,B,B,B,B,B,B,B,R,B,B,B,B,B,B,B,B,B,B,B,B,B,B,B,B,B,B,R,M,
M,B,B,B,B,B,B,B,B,B,B,B,R,B,B,B,B,B,B,B,R,B,B,B,B,B,B,B,B,B,B,B,B,B,B,B,B,B,B,M,
M,B,B,R,B,B,B,B,B,B,B,B,B,B,B,B,B,B,R,B,B,B,B,B,B,B,B,B,B,B,B,B,B,B,B,B,B,B,B,M,
M,B,B,B,B,B,B,B,B,B,B,B,B,B,B,B,B,B,B,B,B,B,R,B,B,B,B,B,B,B,B,B,R,B,B,B,B,B,B,M,
M,B,B,B,B,B,B,B,B,B,B,B,B,B,B,B,B,B,B,B,B,D,D,D,B,B,B,B,B,B,B,B,B,R,B,B,R,B,B,M,
M,B,B,B,B,R,B,B,B,B,B,B,R,B,R,R,B,B,B,B,B,B,B,B,B,B,B,B,B,B,B,B,B,B,R,B,B,B,B,M,
M,B,B,B,B,B,B,B,B,B,B,B,R,B,R,R,B,B,B,B,B,B,B,B,B,R,B,B,R,B,R,B,B,B,B,B,B,B,S,M,
M,M,M,M,M,M,M,M,M,M,M,M,M,M,M,M,M,M,M,M,M,M,M,M,M,M,M,M,M,M,M,M,M,M,M,M,M,M,M,M,
DIAMOND,12
